{
  "brute_force": {
    "valid_user": {
      "average": 0.030059226353963218,
      "median": 0.026067733764648438,
      "std_dev": 0.007743821633316761,
      "min": 0.021349430084228516,
      "max": 0.039067745208740234,
      "samples": 15,
      "raw_times": [
        0.0389864444732666,
        0.039067745208740234,
        0.023477792739868164,
        0.025032997131347656,
        0.02274942398071289,
        0.03867387771606445,
        0.03900432586669922,
        0.02166891098022461,
        0.0387568473815918,
        0.021349430084228516,
        0.022954463958740234,
        0.022502422332763672,
        0.034264326095581055,
        0.026067733764648438,
        0.0363316535949707
      ]
    },
    "invalid_user": {
      "average": 0.02899587949117025,
      "median": 0.0327150821685791,
      "std_dev": 0.012027558907892413,
      "min": 0.01015782356262207,
      "max": 0.05071115493774414,
      "samples": 15,
      "raw_times": [
        0.02378392219543457,
        0.04014730453491211,
        0.011463165283203125,
        0.010741233825683594,
        0.0327150821685791,
        0.024580955505371094,
        0.039330244064331055,
        0.022533178329467773,
        0.03603219985961914,
        0.03754711151123047,
        0.03697347640991211,
        0.01015782356262207,
        0.033498525619506836,
        0.024722814559936523,
        0.05071115493774414
      ]
    },
    "timing_difference": 0.0010633468627929688
  },
  "sqli_timing": {
    "normal": {
      "average": 0.02434530258178711,
      "median": 0.024932146072387695,
      "std_dev": 0.009866141582008882,
      "min": 0.010936260223388672,
      "max": 0.03685402870178223,
      "samples": 10,
      "raw_times": [
        0.02963733673095703,
        0.010936260223388672,
        0.03519415855407715,
        0.026253461837768555,
        0.020236492156982422,
        0.023610830307006836,
        0.012424945831298828,
        0.013408899307250977,
        0.0348966121673584,
        0.03685402870178223
      ]
    },
    "time_based": {
      "average": 2.041752338409424,
      "median": 2.0418777465820312,
      "std_dev": 0.007952977563949568,
      "min": 2.03159761428833,
      "max": 2.053337574005127,
      "samples": 5,
      "raw_times": [
        2.03159761428833,
        2.043661117553711,
        2.03828763961792,
        2.0418777465820312,
        2.053337574005127
      ]
    }
  },
  "command_timing": {
    "normal": {
      "average": 3.121737551689148,
      "median": 3.127519726753235,
      "std_dev": 0.012263152662691856,
      "min": 3.1043262481689453,
      "max": 3.1371989250183105,
      "samples": 10,
      "raw_times": [
        3.126340866088867,
        3.1043262481689453,
        3.1371989250183105,
        3.1305758953094482,
        3.130577325820923,
        3.107808828353882,
        3.111708879470825,
        3.108128309249878,
        3.1286985874176025,
        3.132011651992798
      ]
    },
    "delayed": {
      "average": 3.127361869812012,
      "median": 3.130171060562134,
      "std_dev": 0.0174958782265686,
      "min": 3.1004159450531006,
      "max": 3.143522024154663,
      "samples": 5,
      "raw_times": [
        3.1004159450531006,
        3.121413230895996,
        3.141287088394165,
        3.143522024154663,
        3.130171060562134
      ]
    }
  },
  "security_level_timing": {
    "low": {
      "average": 0.02227175235748291,
      "median": 0.02014315128326416,
      "std_dev": 0.0045534953227137865,
      "min": 0.01859879493713379,
      "max": 0.03031325340270996,
      "samples": 8,
      "raw_times": [
        0.0287015438079834,
        0.01859879493713379,
        0.020604848861694336,
        0.0194854736328125,
        0.019681453704833984,
        0.01957559585571289,
        0.03031325340270996,
        0.021213054656982422
      ]
    },
    "medium": {
      "average": 0.020169824361801147,
      "median": 0.020497679710388184,
      "std_dev": 0.002014944580027098,
      "min": 0.017540693283081055,
      "max": 0.022725343704223633,
      "samples": 8,
      "raw_times": [
        0.02257061004638672,
        0.022725343704223633,
        0.017540693283081055,
        0.018659591674804688,
        0.0177915096282959,
        0.02107548713684082,
        0.02015066146850586,
        0.020844697952270508
      ]
    },
    "high": {
      "average": 0.02128961682319641,
      "median": 0.0211259126663208,
      "std_dev": 0.002977127729147557,
      "min": 0.01824212074279785,
      "max": 0.027500391006469727,
      "samples": 8,
      "raw_times": [
        0.022539377212524414,
        0.022013187408447266,
        0.018456220626831055,
        0.020890235900878906,
        0.019313812255859375,
        0.021361589431762695,
        0.027500391006469727,
        0.01824212074279785
      ]
    }
  },
  "race_condition_test": {
    "average": 0.007099270820617676,
    "std_dev": 0.0008664925137385054,
    "samples": 20,
    "raw_times": [
      0.008829355239868164,
      0.008843183517456055,
      0.008512496948242188,
      0.006958723068237305,
      0.0063016414642333984,
      0.007223844528198242,
      0.007147312164306641,
      0.0064427852630615234,
      0.007277250289916992,
      0.006400346755981445,
      0.006345033645629883,
      0.006929874420166016,
      0.006033420562744141,
      0.006318092346191406,
      0.007424116134643555,
      0.006170034408569336,
      0.00776362419128418,
      0.0077664852142333984,
      0.006692171096801758,
      0.006605625152587891
    ]
  }
}